{
  "start_state": "Inicio",
  "states": {
    "Inicio": {
      "on": [
        {
          "intent": "saudacao",
          "to": "Saudacao"
        },
        {
          "intent": "erro",
          "to": "Fim"
        }
      ]
    },
    "Saudacao": {
      "on": [
        {
          "intent": "ajuda",
          "to": "Ajuda"
        },
        {
          "intent": "sair",
          "to": "Fim"
        }
      ]
    },
    "Ajuda": {
      "on": [
        {
          "intent": "sair",
          "to": "Fim"
        }
      ]
    },
    "Fim": {
      "respond": "Até mais!"
    }
  },
  "intents": [
    "saudacao",
    "ajuda",
    "sair",
    "erro"
  ]
}